country,sovereign,ISO_3_CODE,ISO_2_CODE,UN_CODE,WHO_CODE,WHO_REGION,WHO_STATUS,REAL_VALUE,globocan_id,globocan_country
Israel,Israel,ISR,IL,376,3150,EURO,Member state,0,376,Israel
Saudi Arabia,Saudi Arabia,SAU,SA,682,3340,EMRO,Member state,2,682,Saudi Arabia
Jordan,Jordan,JOR,JO,400,3170,EMRO,Member state,1,400,Jordan
United Arab Emirates,United Arab Emirates,ARE,AE,784,3405,EMRO,Member state,0,784,United Arab Emirates
Yemen,Yemen,YEM,YE,887,3420,EMRO,Member state,15,887,Yemen
India,India,IND,IN,356,3100,SEARO,Member state,534,356,India
Kazakhstan,Kazakhstan,KAZ,KZ,398,4182,EURO,Member state,3,398,Kazakhstan
Panama,Panama,PAN,PA,591,2350,AMRO,Member state,0,591,Panama
Egypt,Egypt,EGY,EG,818,1125,EMRO,Member state,9,818,Egypt
Colombia,Colombia,COL,CO,170,2130,AMRO,Member state,2,170,Colombia
Ecuador,Ecuador,ECU,EC,218,2180,AMRO,Member state,1,218,Ecuador
Peru,Peru,PER,PE,604,2370,AMRO,Member state,2,604,Peru
Benin,Benin,BEN,BJ,204,1025,AFRO,Member state,8,204,Benin
Mozambique,Mozambique,MOZ,MZ,508,1320,AFRO,Member state,15,508,Mozambique
Dominican Republic,Dominican Republic,DOM,DO,214,2170,AMRO,Member state,1,214,Dominican Republic
Botswana,Botswana,BWA,BW,72,1030,AFRO,Member state,1,72,Botswana
Germany,Germany,DEU,DE,276,4085,EURO,Member state,0,276,Germany
Netherlands,Netherlands,NLD,NL,528,4210,EURO,Member state,0,528,The Netherlands
Iran (Islamic Republic of),Iran (Islamic Republic of),IRN,IR,364,3130,EMRO,Member state,7,364,"Iran, Islamic Republic of"
Zambia,Zambia,ZMB,ZM,894,1560,AFRO,Member state,12,894,Zambia
Romania,Romania,ROU,RO,642,4270,EURO,Member state,0,642,Romania
Iceland,Iceland,ISL,IS,352,4160,EURO,Member state,0,352,Iceland
Mexico,Mexico,MEX,MX,484,2310,AMRO,Member state,3,484,Mexico
Belize,Belize,BLZ,BZ,84,2045,AMRO,Member state,0,84,Belize
Guatemala,Guatemala,GTM,GT,320,2250,AMRO,Member state,3,320,Guatemala
El Salvador,El Salvador,SLV,SV,222,2190,AMRO,Member state,1,222,El Salvador
Honduras,Honduras,HND,HN,340,2280,AMRO,Member state,1,340,Honduras
Haiti,Haiti,HTI,HT,332,2270,AMRO,Member state,5,332,Haiti
Jamaica,Jamaica,JAM,JM,388,2290,AMRO,Member state,0,388,Jamaica
Nicaragua,Nicaragua,NIC,NI,558,2340,AMRO,Member state,1,558,Nicaragua
Costa Rica,Costa Rica,CRI,CR,188,2140,AMRO,Member state,0,188,Costa Rica
Guyana,Guyana,GUY,GY,328,2260,AMRO,Member state,0,328,Guyana
Suriname,Suriname,SUR,SR,740,2430,AMRO,Member state,0,740,Suriname
French Guiana,France,GUF,GF,254,2210,AMRO,Other,0,254,French Guyana
Trinidad and Tobago,Trinidad and Tobago,TTO,TT,780,2440,AMRO,Member state,0,780,Trinidad and Tobago
Bolivia (Plurinational State of),Bolivia (Plurinational State of),BOL,BO,68,2060,AMRO,Member state,3,68,Bolivia
Paraguay,Paraguay,PRY,PY,600,2360,AMRO,Member state,1,600,Paraguay
Uruguay,Uruguay,URY,UY,858,2460,AMRO,Member state,0,858,Uruguay
Finland,Finland,FIN,FI,246,4070,EURO,Member state,0,246,Finland
Sweden,Sweden,SWE,SE,752,4290,EURO,Member state,0,752,Sweden
Poland,Poland,POL,PL,616,4230,EURO,Member state,0,616,Poland
Ireland,Ireland,IRL,IE,372,4170,EURO,Member state,0,372,Ireland
Belgium,Belgium,BEL,BE,56,4020,EURO,Member state,0,56,Belgium
Switzerland,Switzerland,CHE,CH,756,4300,EURO,Member state,0,756,Switzerland
Czech Republic,Czech Republic,CZE,CZ,203,4045,EURO,Member state,0,203,Czech Republic
Hungary,Hungary,HUN,HU,348,4150,EURO,Member state,0,348,Hungary
Albania,Albania,ALB,AL,8,4005,EURO,Member state,0,8,Albania
Cyprus,Cyprus,CYP,CY,196,3080,EURO,Member state,0,196,Cyprus
Syrian Arab Republic,Syrian Arab Republic,SYR,SY,760,3370,EMRO,Member state,1,760,Syrian Arab Republic
Lebanon,Lebanon,LBN,LB,422,3210,EMRO,Member state,0,422,Lebanon
Libya,Libya,LBY,LY,434,1250,EMRO,Member state,0,434,Libya
Tunisia,Tunisia,TUN,TN,788,1520,EMRO,Member state,1,788,Tunisia
Algeria,Algeria,DZA,DZ,12,1010,AFRO,Member state,4,12,Algeria
Morocco,Morocco,MAR,MA,504,1310,EMRO,Member state,4,504,Morocco
Cameroon,Cameroon,CMR,CM,120,1045,AFRO,Member state,13,120,Cameroon
Burundi,Burundi,BDI,BI,108,1040,AFRO,Member state,10,108,Burundi
United Republic of Tanzania,United Republic of Tanzania,TZA,TZ,834,1546,AFRO,Member state,25,834,Tanzania
Ghana,Ghana,GHA,GH,288,1180,AFRO,Member state,12,288,Ghana
Malawi,Malawi,MWI,MW,454,1270,AFRO,Member state,15,454,Malawi
Western Sahara,Western Sahara,ESH,EH,732,33,AFRO,Other,0,732,Western Sahara
Mauritania,Mauritania,MRT,MR,478,1290,AFRO,Member state,2,478,Mauritania
Senegal,Senegal,SEN,SN,686,1390,AFRO,Member state,9,686,Senegal
Guinea-Bissau,Guinea-Bissau,GNB,GW,624,1192,AFRO,Member state,3,624,Guinea-Bissau
Guinea,Guinea,GIN,GN,324,1190,AFRO,Member state,10,324,Guinea
Liberia,Liberia,LBR,LR,430,1240,AFRO,Member state,7,430,Liberia
Mali,Mali,MLI,ML,466,1280,AFRO,Member state,24,466,Mali
C&#244;te d'Ivoire,C&#244;te d'Ivoire,CIV,CI,384,1115,AFRO,Member state,21,384,C&#244;te d Ivoire
Burkina Faso,Burkina Faso,BFA,BF,854,1035,AFRO,Member state,19,854,Burkina Faso
Niger,Niger,NER,NE,562,1330,AFRO,Member state,34,562,Niger
Nigeria,Nigeria,NGA,NG,566,1340,AFRO,Member state,175,566,Nigeria
Equatorial Guinea,Equatorial Guinea,GNQ,GQ,226,1130,AFRO,Member state,1,226,Equatorial Guinea
Gabon,Gabon,GAB,GA,266,1160,AFRO,Member state,1,266,Gabon
Chad,Chad,TCD,TD,148,1080,AFRO,Member state,15,148,Chad
Central African Republic,Central African Republic,CAF,CF,140,1070,AFRO,Member state,5,140,Central African Republic
Congo,Congo,COG,CG,178,1100,AFRO,Member state,3,178,"Congo, Republic of"
Democratic Republic of the Congo,Democratic Republic of the Congo,COD,CD,180,1555,AFRO,Member state,95,180,"Congo, Democratic Republic of"
Uganda,Uganda,UGA,UG,800,1530,AFRO,Member state,28,800,Uganda
Rwanda,Rwanda,RWA,RW,646,1370,AFRO,Member state,12,646,Rwanda
Djibouti,Djibouti,DJI,DJ,262,1120,EMRO,Member state,1,262,Djibouti
Somalia,Somalia,SOM,SO,706,1420,EMRO,Member state,14,706,Somalia
Zimbabwe,Zimbabwe,ZWE,ZW,716,1570,AFRO,Member state,6,716,Zimbabwe
Namibia,Namibia,NAM,NA,516,1325,AFRO,Member state,0,516,Namibia
Swaziland,Swaziland,SWZ,SZ,748,1480,AFRO,Member state,0,748,Swaziland
Lesotho,Lesotho,LSO,LS,426,1230,AFRO,Member state,0,426,Lesotho
Madagascar,Madagascar,MDG,MG,450,1260,AFRO,Member state,14,450,Madagascar
Iraq,Iraq,IRQ,IQ,368,3140,EMRO,Member state,20,368,Iraq
Kuwait,Kuwait,KWT,KW,414,3190,EMRO,Member state,0,414,Kuwait
Qatar,Qatar,QAT,QA,634,3320,EMRO,Member state,0,634,Qatar
Afghanistan,Afghanistan,AFG,AF,4,3010,EMRO,Member state,65,4,Afghanistan
Bhutan,Bhutan,BTN,BT,64,3027,SEARO,Member state,1,64,Bhutan
Bangladesh,Bangladesh,BGD,BD,50,3025,SEARO,Member state,69,50,Bangladesh
Sri Lanka,Sri Lanka,LKA,LK,144,3365,SEARO,Member state,1,144,Sri Lanka
Myanmar,Myanmar,MMR,MM,104,3270,SEARO,Member state,26,104,Myanmar
Thailand,Thailand,THA,TH,764,3380,SEARO,Member state,4,764,Thailand
Cambodia,Cambodia,KHM,KH,116,3050,WPRO,Member state,10,116,Cambodia
Brunei Darussalam,Brunei Darussalam,BRN,BN,96,3030,WPRO,Member state,0,96,Brunei
"France, New Caledonia",France,NCL,NC,540,5120,WPRO,Other,0,540,"France, New Caledonia"
Republic of Korea,Republic of Korea,KOR,KR,410,3325,WPRO,Member state,0,410,"Korea, Republic of"
Democratic People's Republic of Korea,Democratic People's Republic of Korea,PRK,KP,408,3083,SEARO,Member state,5,408,"Korea, Democratic Republic of"
Mongolia,Mongolia,MNG,MN,496,3260,WPRO,Member state,0,496,Mongolia
The Gambia,The Gambia,GMB,GM,270,1170,AFRO,Member state,1,270,The Gambia
Sierra Leone,Sierra Leone,SLE,SL,694,1410,AFRO,Member state,12,694,Sierra Leone
Nepal,Nepal,NPL,NP,524,3280,SEARO,Member state,14,524,Nepal
Norway,Norway,NOR,NO,578,4220,EURO,Member state,0,578,Norway
Greenland,Denmark,GRL,GL,0,2220,EURO,Other,0,0,Greenland
Estonia,Estonia,EST,EE,233,4055,EURO,Member state,0,233,Estonia
Latvia,Latvia,LVA,LV,428,4186,EURO,Member state,0,428,Latvia
Lithuania,Lithuania,LTU,LT,440,4188,EURO,Member state,0,440,Lithuania
Belarus,Belarus,BLR,BY,112,4018,EURO,Member state,0,112,Belarus
Republic of Moldova,Republic of Moldova,MDA,MD,498,4260,EURO,Member state,0,498,Republic of Moldova
Ukraine,Ukraine,UKR,UA,804,4303,EURO,Member state,0,804,Ukraine
Georgia,Georgia,GEO,GE,268,4084,EURO,Member state,0,268,Georgia
Armenia,Armenia,ARM,AM,51,4007,EURO,Member state,0,51,Armenia
Turkmenistan,Turkmenistan,TKM,TM,795,4302,EURO,Member state,2,795,Turkmenistan
Uzbekistan,Uzbekistan,UZB,UZ,860,4335,EURO,Member state,6,860,Uzbekistan
Tajikistan,Tajikistan,TJK,TJ,762,4301,EURO,Member state,4,762,Tajikistan
Kyrgyzstan,Kyrgyzstan,KGZ,KG,417,4184,EURO,Member state,1,417,Kyrgyzstan
Slovenia,Slovenia,SVN,SI,705,4276,EURO,Member state,0,705,Slovenia
The former Yugoslav Republic of Macedonia,The former Yugoslav Republic of Macedonia,MKD,MK,807,4195,EURO,Member state,0,807,FYR Macedonia
Bulgaria,Bulgaria,BGR,BG,100,4030,EURO,Member state,0,100,Bulgaria
Bosnia and Herzegovina,Bosnia and Herzegovina,BIH,BA,70,4025,EURO,Member state,0,70,Bosnia Herzegovina
Eritrea,Eritrea,ERI,ER,232,1135,AFRO,Member state,2,232,Eritrea
Ethiopia,Ethiopia,ETH,ET,231,1140,AFRO,Member state,86,231,Ethiopia
Slovakia,Slovakia,SVK,SK,703,4274,EURO,Member state,0,703,Slovakia
"France, La R&#233;union",France,REU,RE,638,1360,AFRO,Other,0,638,"France, La R&#233;union"
Mauritius,Mauritius,MUS,MU,480,1300,AFRO,Member state,0,480,Mauritius
Comoros,Comoros,COM,KM,174,1090,AFRO,Member state,0,174,Comoros
Malta,Malta,MLT,MT,470,4200,EURO,Member state,0,470,Malta
Kenya,Kenya,KEN,KE,404,1220,AFRO,Member state,22,404,Kenya
Viet Nam,Viet Nam,VNM,VN,704,3408,WPRO,Member state,5,704,Viet Nam
Venezuela (Bolivarian Republic of),Venezuela (Bolivarian Republic of),VEN,VE,862,2470,AMRO,Member state,1,862,Venezuela
Bahrain,Bahrain,BHR,BH,48,3020,EMRO,Member state,0,48,Bahrain
Togo,Togo,TGO,TG,768,1510,AFRO,Member state,5,768,Togo
Saint Vincent and the Grenadines,Saint Vincent and the Grenadines,VCT,VC,670,2420,AMRO,Member state,0,670,Saint Vincent and the Grenadines
Saint Lucia,Saint Lucia,LCA,LC,662,2400,AMRO,Member state,0,662,Saint Lucia
Guadeloupe,France,GLP,GP,312,2240,AMRO,Other,0,312,"France, Guadeloupe"
Barbados,Barbados,BRB,BB,52,2040,AMRO,Member state,0,52,Barbados
Martinique,France,MTQ,MQ,474,2300,AMRO,Other,0,474,"France, Martinique"
United States Virgin Islands,United States of America,VIR,VI,850,2455,AMRO,Other,0,850,United States Virgin Islands
Puerto Rico,United States of America,PRI,PR,630,2380,AMRO,Associate member,0,630,Puerto Rico
Spain,Spain,ESP,ES,724,4280,EURO,Member state,0,724,Spain
Portugal,Portugal,PRT,PT,620,4240,EURO,Member state,0,620,Portugal
Pakistan,Pakistan,PAK,PK,586,3290,EMRO,Member state,77,586,Pakistan
Dominica,Dominica,DMA,DM,212,2160,AMRO,Member state,0,212,Dominica
Maldives,Maldives,MDV,MV,462,3255,SERAO,Member state,0,462,Maldives
Seychelles,Seychelles,SYC,SC,690,1400,AFRO,Member state,0,690,Seychelles
Austria,Austria,AUT,AT,40,4010,EURO,Member state,0,40,Austria
Lao People's Democratic Republic,Lao People's Democratic Republic,LAO,LA,418,3200,WPRO,Member state,3,418,Lao PDR
Bahamas,Bahamas,BHS,BS,44,2030,AMRO,Member state,0,44,Bahamas
Antigua and Barbuda,Antigua and Barbuda,ATG,AG,28,2010,AMRO,Member state,0,28,Antigua and Barbuda
Grenada,Grenada,GRD,GD,308,2230,AMRO,Member state,0,308,Grenada
Andorra,Andorra,AND,AD,20,4008,EURO,Member state,0,20,Andorra
San Marino,San Marino,SMR,SM,674,4275,EURO,Member state,0,674,San Marino
Timor-Leste,Timor-Leste,TLS,TL,626,3087,SEARO,Member state,1,626,Timor-Leste
Luxembourg,Luxembourg,LUX,LU,442,4190,EURO,Member state,0,442,Luxembourg
Singapore,Singapore,SGP,SG,702,3350,WPRO,Member state,0,702,Singapore
South Africa,South Africa,ZAF,ZA,710,1430,AFRO,Member state,7,710,South African Republic
Puerto Rico,United States of America,PRI,PR,630,2380,AMRO,Associate member,0,630,Puerto Rico
Saint Lucia,Saint Lucia,LCA,LC,662,2400,AMRO,Member state,0,662,Saint Lucia
Saint Vincent and the Grenadines,Saint Vincent and the Grenadines,VCT,VC,670,2420,AMRO,Member state,0,670,Saint Vincent and the Grenadines
Micronesia (Federated States of),Micronesia (Federated States of),FSM,FM,583,5108,WPRO,Member state,0,583,Micronesia
Solomon Islands,Solomon Islands,SLB,SB,90,5198,WPRO,Member state,0,90,Solomon Islands
Tuvalu,Tuvalu,TUV,TV,798,5205,WPRO,Member state,0,798,Tuvalu
Kiribati,Kiribati,KIR,KI,296,5105,WPRO,Member state,0,296,Kiribati
Marshall Islands,Marshall Islands,MHL,MH,584,5107,WPRO,Member state,0,584,Marshall Islands
Nauru,Nauru,NRU,NR,520,5110,WPRO,Member state,0,520,Nauru
Barbados,Barbados,BRB,BB,52,2040,AMRO,Member state,0,52,Barbados
Antigua and Barbuda,Antigua and Barbuda,ATG,AG,28,2010,AMRO,Member state,0,28,Antigua and Barbuda
Dominica,Dominica,DMA,DM,212,2160,AMRO,Member state,0,212,Dominica
Grenada,Grenada,GRD,GD,308,2230,AMRO,Member state,0,308,Grenada
Saint Kitts and Nevis,Saint Kitts and Nevis,KNA,KN,659,2385,AMRO,Member state,0,659,Saint Kitts and Nevis
Andorra,Andorra,AND,AD,20,4008,EURO,Member state,0,20,Andorra
San Marino,San Marino,SMR,SM,674,4275,EURO,Member state,0,674,San Marino
Cabo Verde,Cabo Verde,CPV,CV,132,1060,AFRO,Member state,0,132,Cabo Verde
Sao Tome and Principe,Sao Tome and Principe,STP,ST,678,1385,AFRO,Member state,0,678,Sao Tome and Principe
Palau,Palau,PLW,PW,585,5180,WPRO,Member state,0,585,Palau
Angola,Angola,AGO,AO,24,1020,AFRO,Member state,34,24,Angola
Argentina,Argentina,ARG,AR,32,2020,AMRO,Member state,0,32,Argentina
Australia,Australia,AUS,AU,36,5020,WPRO,Member state,0,36,Australia
Azerbaijan,Azerbaijan,AZE,AZ,31,4012,EURO,Member state,2,31,Azerbaijan
Brazil,Brazil,BRA,BR,76,2070,AMRO,Member state,17,76,Brazil
Canada,Canada,CAN,CA,124,2090,AMRO,Member state,0,124,Canada
Chile,Chile,CHL,CL,152,2120,AMRO,Member state,0,152,Chile
Cuba,Cuba,CUB,CU,192,2150,AMRO,Member state,0,192,Cuba
Denmark,Denmark,DNK,DK,208,4050,EURO,Member state,0,208,Denmark
Falkland Islands (Malvinas),Falkland Islands (Malvinas),FLK,FK,238,2200,AMRO,Other,0,238,Falkland Islands (Malvinas)
Fiji,Fiji,FJI,FJ,242,5070,WPRO,Member state,0,242,Fiji
France,France,FRA,FR,250,4080,EURO,Member state,0,250,France (metropolitan)
Greece,Greece,GRC,GR,300,4140,EURO,Member state,0,300,Greece
Indonesia,Indonesia,IDN,ID,360,3110,SEARO,Member state,39,360,Indonesia
Italy,Italy,ITA,IT,380,4180,EURO,Member state,0,380,Italy
Japan,Japan,JPN,JP,392,3160,WPRO,Member state,0,392,Japan
Malaysia,Malaysia,MYS,MY,458,3236,WPRO,Member state,1,458,Malaysia
New Zealand,New Zealand,NZL,NZ,554,5150,WPRO,Member state,0,554,New Zealand
West Bank and Gaza Strip,West Bank and Gaza Strip,PSE,PS,895,12,EMRO,Other,0,275,Gaza Strip and West Bank
Papua New Guinea,Papua New Guinea,PNG,PG,598,5195,WPRO,Member state,3,598,Papua New Guinea
Philippines,Philippines,PHL,PH,608,3300,WPRO,Member state,10,608,Philippines
Russian Federation,Russian Federation,RUS,RU,643,4272,EURO,Member state,0,643,Russian Federation
Svalbard and Jan Mayen Islands,Norway,SJM,SJ,744,28,EURO,Other,0,744,Svalbard and Jan Mayen Islands
Turkey,Turkey,TUR,TR,792,3400,EURO,Member state,7,792,Turkey
United Kingdom of Great Britain and Northern Ireland,United Kingdom of Great Britain and Northern Ireland,GBR,GB,826,4308,EURO,Member state,0,826,United Kingdom
United States of America,United States of America,USA,US,840,2450,AMRO,Member state,0,840,United States of America
Vanuatu,Vanuatu,VUT,VU,548,5207,WPRO,Member state,0,548,Vanuatu
China,China,CHN,CN,156,3068,WPRO,Member state,74,160,China
Monaco,Monaco,MCO,MC,492,4205,EURO,Member state,0,492,Monaco
Tokelau,New Zealand,TKL,TK,772,5199,WPRO,Associate member,0,772,Tokelau
Timor-Leste,Timor-Leste,TLS,TL,626,3087,SEARO,Member state,1,626,Timor-Leste
Liechtenstein,Liechtenstein,LIE,LI,438,4185,EURO,Other,0,438,Liechtenstein
Turks and Caicos Islands,United Kingdom of Great Britain and Northern Ireland,TCA,TC,796,2445,AMRO,Other,0,796,Turks and Caicos Islands
British Virgin Islands,United Kingdom of Great Britain and Northern Ireland,VGB,VG,92,30,AMRO,Other,0,92,British Virgin Islands
Anguilla,United Kingdom of Great Britain and Northern Ireland,AIA,AI,660,2005,AMRO,Other,0,660,Anguilla
Saint Kitts and Nevis,Saint Kitts and Nevis,KNA,KN,659,2385,AMRO,Member state,0,659,Saint Kitts and Nevis
Montserrat,United Kingdom of Great Britain and Northern Ireland,MSR,MS,500,2320,AMRO,Other,0,500,Montserrat
Oman,Oman,OMN,OM,512,3285,EMRO,Member state,0,512,Oman
Sudan,Sudan,SDN,SD,729,1470,EMRO,Member state,16,729,Sudan
Croatia,Croatia,HRV,HR,191,4038,EURO,Member state,0,191,Croatia
Serbia,Serbia,SRB,RS,891,0,EURO,Member state,0,688,Serbia
Montenegro,Montenegro,MNE,ME,892,0,EURO,Member state,0,499,Montenegro
Tonga,Tonga,TON,TO,776,5200,WPRO,Member state,0,776,Tonga
Samoa,Samoa,WSM,WS,882,5197,WPRO,Member state,0,882,Samoa
Niue,New Zealand,NIU,NU,570,5170,WPRO,Member state,0,570,Niue
Cook Islands,New Zealand,COK,CK,184,5060,WPRO,Member state,0,184,Cook Islands
South Sudan,South Sudan,SSD,SS,728,0,EMRO,Member State,0,728,South Sudan
